LS-HFR,Hidden Reference,DMOS
1Runner_10Mbps_120fps.mp4,1Runner_lossless_120fps.mp4,5.35
1Runner_10Mbps_30fps.mp4,1Runner_lossless_120fps.mp4,13.93
1Runner_10Mbps_60fps.mp4,1Runner_lossless_120fps.mp4,4.86
1Runner_15Mbps_120fps.mp4,1Runner_lossless_120fps.mp4,1.58
1Runner_15Mbps_30fps.mp4,1Runner_lossless_120fps.mp4,9.23
1Runner_15Mbps_60fps.mp4,1Runner_lossless_120fps.mp4,3.57
1Runner_5Mbps_120fps.mp4,1Runner_lossless_120fps.mp4,15.25
1Runner_5Mbps_30fps.mp4,1Runner_lossless_120fps.mp4,12.64
1Runner_5Mbps_60fps.mp4,1Runner_lossless_120fps.mp4,10.01
1Runner_7Mbps_120fps.mp4,1Runner_lossless_120fps.mp4,8.68
1Runner_7Mbps_30fps.mp4,1Runner_lossless_120fps.mp4,12.93
1Runner_7Mbps_60fps.mp4,1Runner_lossless_120fps.mp4,6.5
3Runners_10Mbps_120fps.mp4,3Runners_lossless_120fps.mp4,4.83
3Runners_10Mbps_30fps.mp4,3Runners_lossless_120fps.mp4,4.48
3Runners_10Mbps_60fps.mp4,3Runners_lossless_120fps.mp4,5.13
3Runners_15Mbps_120fps.mp4,3Runners_lossless_120fps.mp4,1.05
3Runners_15Mbps_30fps.mp4,3Runners_lossless_120fps.mp4,4.5
3Runners_15Mbps_60fps.mp4,3Runners_lossless_120fps.mp4,2.16
3Runners_5Mbps_120fps.mp4,3Runners_lossless_120fps.mp4,17.29
3Runners_5Mbps_30fps.mp4,3Runners_lossless_120fps.mp4,9.88
3Runners_5Mbps_60fps.mp4,3Runners_lossless_120fps.mp4,10.01
3Runners_7Mbps_120fps.mp4,3Runners_lossless_120fps.mp4,8.48
3Runners_7Mbps_30fps.mp4,3Runners_lossless_120fps.mp4,7.02
3Runners_7Mbps_60fps.mp4,3Runners_lossless_120fps.mp4,7.99
Beauty_10Mbps_120fps.mp4,Beauty_lossless_120fps.mp4,7.24
Beauty_10Mbps_30fps.mp4,Beauty_lossless_120fps.mp4,5.24
Beauty_10Mbps_60fps.mp4,Beauty_lossless_120fps.mp4,4.91
Beauty_15Mbps_120fps.mp4,Beauty_lossless_120fps.mp4,0.81
Beauty_15Mbps_30fps.mp4,Beauty_lossless_120fps.mp4,1.66
Beauty_15Mbps_60fps.mp4,Beauty_lossless_120fps.mp4,2.74
Beauty_5Mbps_120fps.mp4,Beauty_lossless_120fps.mp4,22.12
Beauty_5Mbps_30fps.mp4,Beauty_lossless_120fps.mp4,4.63
Beauty_5Mbps_60fps.mp4,Beauty_lossless_120fps.mp4,11.57
Beauty_7Mbps_120fps.mp4,Beauty_lossless_120fps.mp4,15.5
Beauty_7Mbps_30fps.mp4,Beauty_lossless_120fps.mp4,5.16
Beauty_7Mbps_60fps.mp4,Beauty_lossless_120fps.mp4,7.35
bobblehead_10Mbps_120fps.mp4,bobblehead_lossless_120fps.mp4,10.46
bobblehead_10Mbps_30fps.mp4,bobblehead_lossless_120fps.mp4,4.81
bobblehead_10Mbps_60fps.mp4,bobblehead_lossless_120fps.mp4,3.38
bobblehead_15Mbps_120fps.mp4,bobblehead_lossless_120fps.mp4,1.55
bobblehead_15Mbps_30fps.mp4,bobblehead_lossless_120fps.mp4,4.76
bobblehead_15Mbps_60fps.mp4,bobblehead_lossless_120fps.mp4,0.09
bobblehead_5Mbps_120fps.mp4,bobblehead_lossless_120fps.mp4,29.85
bobblehead_5Mbps_30fps.mp4,bobblehead_lossless_120fps.mp4,6.03
bobblehead_5Mbps_60fps.mp4,bobblehead_lossless_120fps.mp4,15.3
bobblehead_7Mbps_120fps.mp4,bobblehead_lossless_120fps.mp4,19.97
bobblehead_7Mbps_30fps.mp4,bobblehead_lossless_120fps.mp4,4.33
bobblehead_7Mbps_60fps.mp4,bobblehead_lossless_120fps.mp4,6.75
books_10Mbps_120fps.mp4,books_lossless_120fps.mp4,2.89
books_10Mbps_30fps.mp4,books_lossless_120fps.mp4,21.45
books_10Mbps_60fps.mp4,books_lossless_120fps.mp4,6.41
books_15Mbps_120fps.mp4,books_lossless_120fps.mp4,1.4
books_15Mbps_30fps.mp4,books_lossless_120fps.mp4,17.06
books_15Mbps_60fps.mp4,books_lossless_120fps.mp4,4.67
books_5Mbps_120fps.mp4,books_lossless_120fps.mp4,6.23
books_5Mbps_30fps.mp4,books_lossless_120fps.mp4,23.45
books_5Mbps_60fps.mp4,books_lossless_120fps.mp4,9.14
books_7Mbps_120fps.mp4,books_lossless_120fps.mp4,3.13
books_7Mbps_30fps.mp4,books_lossless_120fps.mp4,19.33
books_7Mbps_60fps.mp4,books_lossless_120fps.mp4,8.91
bouncyball_10Mbps_120fps.mp4,bouncyball_lossless_120fps.mp4,2.39
bouncyball_10Mbps_30fps.mp4,bouncyball_lossless_120fps.mp4,2.92
bouncyball_10Mbps_60fps.mp4,bouncyball_lossless_120fps.mp4,3.3
bouncyball_15Mbps_120fps.mp4,bouncyball_lossless_120fps.mp4,0.92
bouncyball_15Mbps_30fps.mp4,bouncyball_lossless_120fps.mp4,2.21
bouncyball_15Mbps_60fps.mp4,bouncyball_lossless_120fps.mp4,0.5
bouncyball_5Mbps_120fps.mp4,bouncyball_lossless_120fps.mp4,15.93
bouncyball_5Mbps_30fps.mp4,bouncyball_lossless_120fps.mp4,6.4
bouncyball_5Mbps_60fps.mp4,bouncyball_lossless_120fps.mp4,8.35
bouncyball_7Mbps_120fps.mp4,bouncyball_lossless_120fps.mp4,7.59
bouncyball_7Mbps_30fps.mp4,bouncyball_lossless_120fps.mp4,6.57
bouncyball_7Mbps_60fps.mp4,bouncyball_lossless_120fps.mp4,4.56
catch_10Mbps_120fps.mp4,catch_lossless_120fps.mp4,6.94
catch_10Mbps_30fps.mp4,catch_lossless_120fps.mp4,2.91
catch_10Mbps_60fps.mp4,catch_lossless_120fps.mp4,4.05
catch_15Mbps_120fps.mp4,catch_lossless_120fps.mp4,1.12
catch_15Mbps_30fps.mp4,catch_lossless_120fps.mp4,3.28
catch_15Mbps_60fps.mp4,catch_lossless_120fps.mp4,1.74
catch_5Mbps_120fps.mp4,catch_lossless_120fps.mp4,12.49
catch_5Mbps_30fps.mp4,catch_lossless_120fps.mp4,8.85
catch_5Mbps_60fps.mp4,catch_lossless_120fps.mp4,6.23
catch_7Mbps_120fps.mp4,catch_lossless_120fps.mp4,10.07
catch_7Mbps_30fps.mp4,catch_lossless_120fps.mp4,5.99
catch_7Mbps_60fps.mp4,catch_lossless_120fps.mp4,7.1
catch_track_10Mbps_120fps.mp4,catch_track_lossless_120fps.mp4,2.67
catch_track_10Mbps_30fps.mp4,catch_track_lossless_120fps.mp4,10.98
catch_track_10Mbps_60fps.mp4,catch_track_lossless_120fps.mp4,5.88
catch_track_15Mbps_120fps.mp4,catch_track_lossless_120fps.mp4,0.37
catch_track_15Mbps_30fps.mp4,catch_track_lossless_120fps.mp4,9.77
catch_track_15Mbps_60fps.mp4,catch_track_lossless_120fps.mp4,2.62
catch_track_5Mbps_120fps.mp4,catch_track_lossless_120fps.mp4,11.46
catch_track_5Mbps_30fps.mp4,catch_track_lossless_120fps.mp4,13.07
catch_track_5Mbps_60fps.mp4,catch_track_lossless_120fps.mp4,9.73
catch_track_7Mbps_120fps.mp4,catch_track_lossless_120fps.mp4,5.81
catch_track_7Mbps_30fps.mp4,catch_track_lossless_120fps.mp4,12.98
catch_track_7Mbps_60fps.mp4,catch_track_lossless_120fps.mp4,6.06
cyclist_10Mbps_120fps.mp4,cyclist_lossless_120fps.mp4,9.3
cyclist_10Mbps_30fps.mp4,cyclist_lossless_120fps.mp4,11.16
cyclist_10Mbps_60fps.mp4,cyclist_lossless_120fps.mp4,6.4
cyclist_15Mbps_120fps.mp4,cyclist_lossless_120fps.mp4,0.72
cyclist_15Mbps_30fps.mp4,cyclist_lossless_120fps.mp4,6.05
cyclist_15Mbps_60fps.mp4,cyclist_lossless_120fps.mp4,0.34
cyclist_5Mbps_120fps.mp4,cyclist_lossless_120fps.mp4,19.23
cyclist_5Mbps_30fps.mp4,cyclist_lossless_120fps.mp4,9.02
cyclist_5Mbps_60fps.mp4,cyclist_lossless_120fps.mp4,9.76
cyclist_7Mbps_120fps.mp4,cyclist_lossless_120fps.mp4,12.61
cyclist_7Mbps_30fps.mp4,cyclist_lossless_120fps.mp4,9.64
cyclist_7Mbps_60fps.mp4,cyclist_lossless_120fps.mp4,8.61
Flips_10Mbps_120fps.mp4,Flips_lossless_120fps.mp4,2.98
Flips_10Mbps_30fps.mp4,Flips_lossless_120fps.mp4,7.21
Flips_10Mbps_60fps.mp4,Flips_lossless_120fps.mp4,3.31
Flips_15Mbps_120fps.mp4,Flips_lossless_120fps.mp4,2.35
Flips_15Mbps_30fps.mp4,Flips_lossless_120fps.mp4,6.88
Flips_15Mbps_60fps.mp4,Flips_lossless_120fps.mp4,2.65
Flips_5Mbps_120fps.mp4,Flips_lossless_120fps.mp4,12.35
Flips_5Mbps_30fps.mp4,Flips_lossless_120fps.mp4,9.75
Flips_5Mbps_60fps.mp4,Flips_lossless_120fps.mp4,7.73
Flips_7Mbps_120fps.mp4,Flips_lossless_120fps.mp4,9.64
Flips_7Mbps_30fps.mp4,Flips_lossless_120fps.mp4,9.34
Flips_7Mbps_60fps.mp4,Flips_lossless_120fps.mp4,5.29
flowers_10Mbps_120fps.mp4,flowers_lossless_120fps.mp4,6.03
flowers_10Mbps_30fps.mp4,flowers_lossless_120fps.mp4,1.1
flowers_10Mbps_60fps.mp4,flowers_lossless_120fps.mp4,1.9
flowers_15Mbps_120fps.mp4,flowers_lossless_120fps.mp4,2.18
flowers_15Mbps_30fps.mp4,flowers_lossless_120fps.mp4,1.08
flowers_15Mbps_60fps.mp4,flowers_lossless_120fps.mp4,1.29
flowers_5Mbps_120fps.mp4,flowers_lossless_120fps.mp4,19.89
flowers_5Mbps_30fps.mp4,flowers_lossless_120fps.mp4,4.65
flowers_5Mbps_60fps.mp4,flowers_lossless_120fps.mp4,11.29
flowers_7Mbps_120fps.mp4,flowers_lossless_120fps.mp4,11.92
flowers_7Mbps_30fps.mp4,flowers_lossless_120fps.mp4,2.54
flowers_7Mbps_60fps.mp4,flowers_lossless_120fps.mp4,5.57
golf_side_10Mbps_120fps.mp4,golf_side_lossless_120fps.mp4,4.89
golf_side_10Mbps_30fps.mp4,golf_side_lossless_120fps.mp4,8.21
golf_side_10Mbps_60fps.mp4,golf_side_lossless_120fps.mp4,3.22
golf_side_15Mbps_120fps.mp4,golf_side_lossless_120fps.mp4,1.17
golf_side_15Mbps_30fps.mp4,golf_side_lossless_120fps.mp4,5.53
golf_side_15Mbps_60fps.mp4,golf_side_lossless_120fps.mp4,0.51
golf_side_5Mbps_120fps.mp4,golf_side_lossless_120fps.mp4,14.78
golf_side_5Mbps_30fps.mp4,golf_side_lossless_120fps.mp4,9.16
golf_side_5Mbps_60fps.mp4,golf_side_lossless_120fps.mp4,8.71
golf_side_7Mbps_120fps.mp4,golf_side_lossless_120fps.mp4,8.27
golf_side_7Mbps_30fps.mp4,golf_side_lossless_120fps.mp4,8.85
golf_side_7Mbps_60fps.mp4,golf_side_lossless_120fps.mp4,5.69
guitar_focus_10Mbps_120fps.mp4,guitar_focus_lossless_120fps.mp4,2.46
guitar_focus_10Mbps_30fps.mp4,guitar_focus_lossless_120fps.mp4,3.77
guitar_focus_10Mbps_60fps.mp4,guitar_focus_lossless_120fps.mp4,5.31
guitar_focus_15Mbps_120fps.mp4,guitar_focus_lossless_120fps.mp4,0.63
guitar_focus_15Mbps_30fps.mp4,guitar_focus_lossless_120fps.mp4,0.74
guitar_focus_15Mbps_60fps.mp4,guitar_focus_lossless_120fps.mp4,0.09
guitar_focus_5Mbps_120fps.mp4,guitar_focus_lossless_120fps.mp4,11.25
guitar_focus_5Mbps_30fps.mp4,guitar_focus_lossless_120fps.mp4,4.1
guitar_focus_5Mbps_60fps.mp4,guitar_focus_lossless_120fps.mp4,5.73
guitar_focus_7Mbps_120fps.mp4,guitar_focus_lossless_120fps.mp4,7.14
guitar_focus_7Mbps_30fps.mp4,guitar_focus_lossless_120fps.mp4,5.31
guitar_focus_7Mbps_60fps.mp4,guitar_focus_lossless_120fps.mp4,5
hamster_10Mbps_120fps.mp4,hamster_lossless_120fps.mp4,3.4
hamster_10Mbps_30fps.mp4,hamster_lossless_120fps.mp4,2.77
hamster_10Mbps_60fps.mp4,hamster_lossless_120fps.mp4,3.08
hamster_15Mbps_120fps.mp4,hamster_lossless_120fps.mp4,2.34
hamster_15Mbps_30fps.mp4,hamster_lossless_120fps.mp4,2.75
hamster_15Mbps_60fps.mp4,hamster_lossless_120fps.mp4,2
hamster_5Mbps_120fps.mp4,hamster_lossless_120fps.mp4,13.42
hamster_5Mbps_30fps.mp4,hamster_lossless_120fps.mp4,3.41
hamster_5Mbps_60fps.mp4,hamster_lossless_120fps.mp4,4.57
hamster_7Mbps_120fps.mp4,hamster_lossless_120fps.mp4,8.34
hamster_7Mbps_30fps.mp4,hamster_lossless_120fps.mp4,0.98
hamster_7Mbps_60fps.mp4,hamster_lossless_120fps.mp4,1.31
HoneyBee_10Mbps_120fps.mp4,HoneyBee_lossless_120fps.mp4,8.26
HoneyBee_10Mbps_30fps.mp4,HoneyBee_lossless_120fps.mp4,5.45
HoneyBee_10Mbps_60fps.mp4,HoneyBee_lossless_120fps.mp4,3.39
HoneyBee_15Mbps_120fps.mp4,HoneyBee_lossless_120fps.mp4,1.54
HoneyBee_15Mbps_30fps.mp4,HoneyBee_lossless_120fps.mp4,2.15
HoneyBee_15Mbps_60fps.mp4,HoneyBee_lossless_120fps.mp4,1.12
HoneyBee_5Mbps_120fps.mp4,HoneyBee_lossless_120fps.mp4,17.54
HoneyBee_5Mbps_30fps.mp4,HoneyBee_lossless_120fps.mp4,5.97
HoneyBee_5Mbps_60fps.mp4,HoneyBee_lossless_120fps.mp4,7.2
HoneyBee_7Mbps_120fps.mp4,HoneyBee_lossless_120fps.mp4,9.68
HoneyBee_7Mbps_30fps.mp4,HoneyBee_lossless_120fps.mp4,2.81
HoneyBee_7Mbps_60fps.mp4,HoneyBee_lossless_120fps.mp4,7.17
Hurdles_10Mbps_120fps.mp4,Hurdles_lossless_120fps.mp4,6.14
Hurdles_10Mbps_30fps.mp4,Hurdles_lossless_120fps.mp4,4.82
Hurdles_10Mbps_60fps.mp4,Hurdles_lossless_120fps.mp4,5.31
Hurdles_15Mbps_120fps.mp4,Hurdles_lossless_120fps.mp4,0.23
Hurdles_15Mbps_30fps.mp4,Hurdles_lossless_120fps.mp4,4.79
Hurdles_15Mbps_60fps.mp4,Hurdles_lossless_120fps.mp4,0.34
Hurdles_5Mbps_120fps.mp4,Hurdles_lossless_120fps.mp4,13.96
Hurdles_5Mbps_30fps.mp4,Hurdles_lossless_120fps.mp4,9.13
Hurdles_5Mbps_60fps.mp4,Hurdles_lossless_120fps.mp4,9.6
Hurdles_7Mbps_120fps.mp4,Hurdles_lossless_120fps.mp4,10.32
Hurdles_7Mbps_30fps.mp4,Hurdles_lossless_120fps.mp4,5.59
Hurdles_7Mbps_60fps.mp4,Hurdles_lossless_120fps.mp4,7.52
Jockey_10Mbps_120fps.mp4,Jockey_lossless_120fps.mp4,5.26
Jockey_10Mbps_30fps.mp4,Jockey_lossless_120fps.mp4,6.34
Jockey_10Mbps_60fps.mp4,Jockey_lossless_120fps.mp4,5.04
Jockey_15Mbps_120fps.mp4,Jockey_lossless_120fps.mp4,0.56
Jockey_15Mbps_30fps.mp4,Jockey_lossless_120fps.mp4,4.39
Jockey_15Mbps_60fps.mp4,Jockey_lossless_120fps.mp4,2.36
Jockey_5Mbps_120fps.mp4,Jockey_lossless_120fps.mp4,13.98
Jockey_5Mbps_30fps.mp4,Jockey_lossless_120fps.mp4,7.01
Jockey_5Mbps_60fps.mp4,Jockey_lossless_120fps.mp4,7.5
Jockey_7Mbps_120fps.mp4,Jockey_lossless_120fps.mp4,9.72
Jockey_7Mbps_30fps.mp4,Jockey_lossless_120fps.mp4,5.4
Jockey_7Mbps_60fps.mp4,Jockey_lossless_120fps.mp4,7.4
joggers_10Mbps_120fps.mp4,joggers_lossless_120fps.mp4,8.6
joggers_10Mbps_30fps.mp4,joggers_lossless_120fps.mp4,10.97
joggers_10Mbps_60fps.mp4,joggers_lossless_120fps.mp4,4.95
joggers_15Mbps_120fps.mp4,joggers_lossless_120fps.mp4,0.4
joggers_15Mbps_30fps.mp4,joggers_lossless_120fps.mp4,5.44
joggers_15Mbps_60fps.mp4,joggers_lossless_120fps.mp4,0.61
joggers_5Mbps_120fps.mp4,joggers_lossless_120fps.mp4,14.6
joggers_5Mbps_30fps.mp4,joggers_lossless_120fps.mp4,13.33
joggers_5Mbps_60fps.mp4,joggers_lossless_120fps.mp4,13.14
joggers_7Mbps_120fps.mp4,joggers_lossless_120fps.mp4,10.29
joggers_7Mbps_30fps.mp4,joggers_lossless_120fps.mp4,12.21
joggers_7Mbps_60fps.mp4,joggers_lossless_120fps.mp4,8.44
lamppost_10Mbps_120fps.mp4,lamppost_lossless_120fps.mp4,20.09
lamppost_10Mbps_30fps.mp4,lamppost_lossless_120fps.mp4,14.94
lamppost_10Mbps_60fps.mp4,lamppost_lossless_120fps.mp4,13.58
lamppost_15Mbps_120fps.mp4,lamppost_lossless_120fps.mp4,7.08
lamppost_15Mbps_30fps.mp4,lamppost_lossless_120fps.mp4,6.64
lamppost_15Mbps_60fps.mp4,lamppost_lossless_120fps.mp4,5.71
lamppost_5Mbps_120fps.mp4,lamppost_lossless_120fps.mp4,34.25
lamppost_5Mbps_30fps.mp4,lamppost_lossless_120fps.mp4,26.65
lamppost_5Mbps_60fps.mp4,lamppost_lossless_120fps.mp4,29.34
lamppost_7Mbps_120fps.mp4,lamppost_lossless_120fps.mp4,26.95
lamppost_7Mbps_30fps.mp4,lamppost_lossless_120fps.mp4,19.12
lamppost_7Mbps_60fps.mp4,lamppost_lossless_120fps.mp4,20.39
leaves_wall_10Mbps_120fps.mp4,leaves_wall_lossless_120fps.mp4,10.2
leaves_wall_10Mbps_30fps.mp4,leaves_wall_lossless_120fps.mp4,6.49
leaves_wall_10Mbps_60fps.mp4,leaves_wall_lossless_120fps.mp4,5.59
leaves_wall_15Mbps_120fps.mp4,leaves_wall_lossless_120fps.mp4,3.58
leaves_wall_15Mbps_30fps.mp4,leaves_wall_lossless_120fps.mp4,6.56
leaves_wall_15Mbps_60fps.mp4,leaves_wall_lossless_120fps.mp4,3.97
leaves_wall_5Mbps_120fps.mp4,leaves_wall_lossless_120fps.mp4,27.44
leaves_wall_5Mbps_30fps.mp4,leaves_wall_lossless_120fps.mp4,11.95
leaves_wall_5Mbps_60fps.mp4,leaves_wall_lossless_120fps.mp4,12.95
leaves_wall_7Mbps_120fps.mp4,leaves_wall_lossless_120fps.mp4,17.83
leaves_wall_7Mbps_30fps.mp4,leaves_wall_lossless_120fps.mp4,5.78
leaves_wall_7Mbps_60fps.mp4,leaves_wall_lossless_120fps.mp4,10.02
library_10Mbps_120fps.mp4,library_lossless_120fps.mp4,1.93
library_10Mbps_30fps.mp4,library_lossless_120fps.mp4,12.43
library_10Mbps_60fps.mp4,library_lossless_120fps.mp4,4.6
library_15Mbps_120fps.mp4,library_lossless_120fps.mp4,0.29
library_15Mbps_30fps.mp4,library_lossless_120fps.mp4,11.54
library_15Mbps_60fps.mp4,library_lossless_120fps.mp4,1.15
library_5Mbps_120fps.mp4,library_lossless_120fps.mp4,10.58
library_5Mbps_30fps.mp4,library_lossless_120fps.mp4,17.71
library_5Mbps_60fps.mp4,library_lossless_120fps.mp4,7.64
library_7Mbps_120fps.mp4,library_lossless_120fps.mp4,5.08
library_7Mbps_30fps.mp4,library_lossless_120fps.mp4,17.36
library_7Mbps_60fps.mp4,library_lossless_120fps.mp4,3.6
LongJump_10Mbps_120fps.mp4,LongJump_lossless_120fps.mp4,4.25
LongJump_10Mbps_30fps.mp4,LongJump_lossless_120fps.mp4,8.64
LongJump_10Mbps_60fps.mp4,LongJump_lossless_120fps.mp4,3.58
LongJump_15Mbps_120fps.mp4,LongJump_lossless_120fps.mp4,1.31
LongJump_15Mbps_30fps.mp4,LongJump_lossless_120fps.mp4,5.83
LongJump_15Mbps_60fps.mp4,LongJump_lossless_120fps.mp4,2.59
LongJump_5Mbps_120fps.mp4,LongJump_lossless_120fps.mp4,12.34
LongJump_5Mbps_30fps.mp4,LongJump_lossless_120fps.mp4,10.52
LongJump_5Mbps_60fps.mp4,LongJump_lossless_120fps.mp4,8.73
LongJump_7Mbps_120fps.mp4,LongJump_lossless_120fps.mp4,6.16
LongJump_7Mbps_30fps.mp4,LongJump_lossless_120fps.mp4,9.8
LongJump_7Mbps_60fps.mp4,LongJump_lossless_120fps.mp4,6.35
martial_arts_10Mbps_120fps.mp4,martial_arts_lossless_120fps.mp4,6.84
martial_arts_10Mbps_30fps.mp4,martial_arts_lossless_120fps.mp4,7.71
martial_arts_10Mbps_60fps.mp4,martial_arts_lossless_120fps.mp4,5.57
martial_arts_15Mbps_120fps.mp4,martial_arts_lossless_120fps.mp4,1.66
martial_arts_15Mbps_30fps.mp4,martial_arts_lossless_120fps.mp4,6.28
martial_arts_15Mbps_60fps.mp4,martial_arts_lossless_120fps.mp4,2.44
martial_arts_5Mbps_120fps.mp4,martial_arts_lossless_120fps.mp4,12.35
martial_arts_5Mbps_30fps.mp4,martial_arts_lossless_120fps.mp4,11.39
martial_arts_5Mbps_60fps.mp4,martial_arts_lossless_120fps.mp4,10.66
martial_arts_7Mbps_120fps.mp4,martial_arts_lossless_120fps.mp4,9.77
martial_arts_7Mbps_30fps.mp4,martial_arts_lossless_120fps.mp4,11.07
martial_arts_7Mbps_60fps.mp4,martial_arts_lossless_120fps.mp4,9.2
plasma_10Mbps_120fps.mp4,plasma_lossless_120fps.mp4,4.17
plasma_10Mbps_30fps.mp4,plasma_lossless_120fps.mp4,3.35
plasma_10Mbps_60fps.mp4,plasma_lossless_120fps.mp4,3.44
plasma_15Mbps_120fps.mp4,plasma_lossless_120fps.mp4,0.76
plasma_15Mbps_30fps.mp4,plasma_lossless_120fps.mp4,2.87
plasma_15Mbps_60fps.mp4,plasma_lossless_120fps.mp4,0.93
plasma_5Mbps_120fps.mp4,plasma_lossless_120fps.mp4,18.39
plasma_5Mbps_30fps.mp4,plasma_lossless_120fps.mp4,6.74
plasma_5Mbps_60fps.mp4,plasma_lossless_120fps.mp4,10.33
plasma_7Mbps_120fps.mp4,plasma_lossless_120fps.mp4,12.49
plasma_7Mbps_30fps.mp4,plasma_lossless_120fps.mp4,5.73
plasma_7Mbps_60fps.mp4,plasma_lossless_120fps.mp4,4.65
pond_10Mbps_120fps.mp4,pond_lossless_120fps.mp4,5.99
pond_10Mbps_30fps.mp4,pond_lossless_120fps.mp4,0.01
pond_10Mbps_60fps.mp4,pond_lossless_120fps.mp4,1.12
pond_15Mbps_120fps.mp4,pond_lossless_120fps.mp4,0.54
pond_15Mbps_30fps.mp4,pond_lossless_120fps.mp4,0.27
pond_15Mbps_60fps.mp4,pond_lossless_120fps.mp4,0.7
pond_5Mbps_120fps.mp4,pond_lossless_120fps.mp4,14.28
pond_5Mbps_30fps.mp4,pond_lossless_120fps.mp4,2.72
pond_5Mbps_60fps.mp4,pond_lossless_120fps.mp4,5.94
pond_7Mbps_120fps.mp4,pond_lossless_120fps.mp4,9.39
pond_7Mbps_30fps.mp4,pond_lossless_120fps.mp4,2.48
pond_7Mbps_60fps.mp4,pond_lossless_120fps.mp4,4.94
pour_10Mbps_120fps.mp4,pour_lossless_120fps.mp4,4.11
pour_10Mbps_30fps.mp4,pour_lossless_120fps.mp4,3.46
pour_10Mbps_60fps.mp4,pour_lossless_120fps.mp4,4.94
pour_15Mbps_120fps.mp4,pour_lossless_120fps.mp4,1.43
pour_15Mbps_30fps.mp4,pour_lossless_120fps.mp4,1.03
pour_15Mbps_60fps.mp4,pour_lossless_120fps.mp4,0.93
pour_5Mbps_120fps.mp4,pour_lossless_120fps.mp4,16.25
pour_5Mbps_30fps.mp4,pour_lossless_120fps.mp4,5.58
pour_5Mbps_60fps.mp4,pour_lossless_120fps.mp4,11.56
pour_7Mbps_120fps.mp4,pour_lossless_120fps.mp4,8.43
pour_7Mbps_30fps.mp4,pour_lossless_120fps.mp4,3.44
pour_7Mbps_60fps.mp4,pour_lossless_120fps.mp4,5.47
Ready_10Mbps_120fps.mp4,Ready_lossless_120fps.mp4,6.8
Ready_10Mbps_30fps.mp4,Ready_lossless_120fps.mp4,4.19
Ready_10Mbps_60fps.mp4,Ready_lossless_120fps.mp4,4.34
Ready_15Mbps_120fps.mp4,Ready_lossless_120fps.mp4,1.65
Ready_15Mbps_30fps.mp4,Ready_lossless_120fps.mp4,4.48
Ready_15Mbps_60fps.mp4,Ready_lossless_120fps.mp4,1.52
Ready_5Mbps_120fps.mp4,Ready_lossless_120fps.mp4,20.59
Ready_5Mbps_30fps.mp4,Ready_lossless_120fps.mp4,12.12
Ready_5Mbps_60fps.mp4,Ready_lossless_120fps.mp4,10.19
Ready_7Mbps_120fps.mp4,Ready_lossless_120fps.mp4,12.84
Ready_7Mbps_30fps.mp4,Ready_lossless_120fps.mp4,7.34
Ready_7Mbps_60fps.mp4,Ready_lossless_120fps.mp4,8.84
sparkler_10Mbps_120fps.mp4,sparkler_lossless_120fps.mp4,19.71
sparkler_10Mbps_30fps.mp4,sparkler_lossless_120fps.mp4,0.95
sparkler_10Mbps_60fps.mp4,sparkler_lossless_120fps.mp4,5.56
sparkler_15Mbps_120fps.mp4,sparkler_lossless_120fps.mp4,4.32
sparkler_15Mbps_30fps.mp4,sparkler_lossless_120fps.mp4,0.15
sparkler_15Mbps_60fps.mp4,sparkler_lossless_120fps.mp4,1.73
sparkler_5Mbps_120fps.mp4,sparkler_lossless_120fps.mp4,36.6
sparkler_5Mbps_30fps.mp4,sparkler_lossless_120fps.mp4,7.57
sparkler_5Mbps_60fps.mp4,sparkler_lossless_120fps.mp4,20.67
sparkler_7Mbps_120fps.mp4,sparkler_lossless_120fps.mp4,28.7
sparkler_7Mbps_30fps.mp4,sparkler_lossless_120fps.mp4,3.59
sparkler_7Mbps_60fps.mp4,sparkler_lossless_120fps.mp4,11.43
typing_10Mbps_120fps.mp4,typing_lossless_120fps.mp4,7.11
typing_10Mbps_30fps.mp4,typing_lossless_120fps.mp4,5.24
typing_10Mbps_60fps.mp4,typing_lossless_120fps.mp4,3.5
typing_15Mbps_120fps.mp4,typing_lossless_120fps.mp4,1.46
typing_15Mbps_30fps.mp4,typing_lossless_120fps.mp4,5.26
typing_15Mbps_60fps.mp4,typing_lossless_120fps.mp4,2
typing_5Mbps_120fps.mp4,typing_lossless_120fps.mp4,20.97
typing_5Mbps_30fps.mp4,typing_lossless_120fps.mp4,7.32
typing_5Mbps_60fps.mp4,typing_lossless_120fps.mp4,12.22
typing_7Mbps_120fps.mp4,typing_lossless_120fps.mp4,15.03
typing_7Mbps_30fps.mp4,typing_lossless_120fps.mp4,6.56
typing_7Mbps_60fps.mp4,typing_lossless_120fps.mp4,8.45
water_ripples_10Mbps_120fps.mp4,water_ripples_lossless_120fps.mp4,20.7
water_ripples_10Mbps_30fps.mp4,water_ripples_lossless_120fps.mp4,4.69
water_ripples_10Mbps_60fps.mp4,water_ripples_lossless_120fps.mp4,14.67
water_ripples_15Mbps_120fps.mp4,water_ripples_lossless_120fps.mp4,8.84
water_ripples_15Mbps_30fps.mp4,water_ripples_lossless_120fps.mp4,4.44
water_ripples_15Mbps_60fps.mp4,water_ripples_lossless_120fps.mp4,4.53
water_ripples_5Mbps_120fps.mp4,water_ripples_lossless_120fps.mp4,43.41
water_ripples_5Mbps_30fps.mp4,water_ripples_lossless_120fps.mp4,19.39
water_ripples_5Mbps_60fps.mp4,water_ripples_lossless_120fps.mp4,38.08
water_ripples_7Mbps_120fps.mp4,water_ripples_lossless_120fps.mp4,33.36
water_ripples_7Mbps_30fps.mp4,water_ripples_lossless_120fps.mp4,12.11
water_ripples_7Mbps_60fps.mp4,water_ripples_lossless_120fps.mp4,25.4
water_splashing_10Mbps_120fps.mp4,water_splashing_lossless_120fps.mp4,32.76
water_splashing_10Mbps_30fps.mp4,water_splashing_lossless_120fps.mp4,7.77
water_splashing_10Mbps_60fps.mp4,water_splashing_lossless_120fps.mp4,22.12
water_splashing_15Mbps_120fps.mp4,water_splashing_lossless_120fps.mp4,12.27
water_splashing_15Mbps_30fps.mp4,water_splashing_lossless_120fps.mp4,6.18
water_splashing_15Mbps_60fps.mp4,water_splashing_lossless_120fps.mp4,8.34
water_splashing_5Mbps_120fps.mp4,water_splashing_lossless_120fps.mp4,46.46
water_splashing_5Mbps_30fps.mp4,water_splashing_lossless_120fps.mp4,25.6
water_splashing_5Mbps_60fps.mp4,water_splashing_lossless_120fps.mp4,40.39
water_splashing_7Mbps_120fps.mp4,water_splashing_lossless_120fps.mp4,42.17
water_splashing_7Mbps_30fps.mp4,water_splashing_lossless_120fps.mp4,20.69
water_splashing_7Mbps_60fps.mp4,water_splashing_lossless_120fps.mp4,35.04
Yacht_10Mbps_120fps.mp4,Yacht_lossless_120fps.mp4,13.02
Yacht_10Mbps_30fps.mp4,Yacht_lossless_120fps.mp4,6.68
Yacht_10Mbps_60fps.mp4,Yacht_lossless_120fps.mp4,6.25
Yacht_15Mbps_120fps.mp4,Yacht_lossless_120fps.mp4,5.56
Yacht_15Mbps_30fps.mp4,Yacht_lossless_120fps.mp4,6.8
Yacht_15Mbps_60fps.mp4,Yacht_lossless_120fps.mp4,4.06
Yacht_5Mbps_120fps.mp4,Yacht_lossless_120fps.mp4,22.73
Yacht_5Mbps_30fps.mp4,Yacht_lossless_120fps.mp4,13.07
Yacht_5Mbps_60fps.mp4,Yacht_lossless_120fps.mp4,17.61
Yacht_7Mbps_120fps.mp4,Yacht_lossless_120fps.mp4,17.03
Yacht_7Mbps_30fps.mp4,Yacht_lossless_120fps.mp4,10.41
Yacht_7Mbps_60fps.mp4,Yacht_lossless_120fps.mp4,11.4
